maven/mavencentral/ch.qos.logback/logback-classic/1.2.3, EPL-1.0, approved, CQ13636
maven/mavencentral/ch.qos.logback/logback-core/1.2.3, EPL-1.0, approved, CQ13635
maven/mavencentral/co.elastic.logging/ecs-logging-core/1.6.0, Apache-2.0, approved, #21204
maven/mavencentral/co.elastic.logging/logback-ecs-encoder/1.6.0, Apache-2.0, approved, clearlydefined
maven/mavencentral/com.fasterxml.jackson.core/jackson-annotations/2.10.3, Apache-2.0, approved, CQ21280
maven/mavencentral/com.fasterxml.jackson.core/jackson-annotations/2.13.4, Apache-2.0, approved, clearlydefined
maven/mavencentral/com.fasterxml.jackson.core/jackson-annotations/2.15.1, Apache-2.0, approved, #7947
maven/mavencentral/com.fasterxml.jackson.core/jackson-core/2.13.3, Apache-2.0, approved, #2133
maven/mavencentral/com.fasterxml.jackson.core/jackson-core/2.13.4, Apache-2.0, approved, #2133
maven/mavencentral/com.fasterxml.jackson.core/jackson-core/2.15.1, MIT AND Apache-2.0, approved, #7932
maven/mavencentral/com.fasterxml.jackson.core/jackson-core/2.9.2, Apache-2.0, approved, CQ14691
maven/mavencentral/com.fasterxml.jackson.core/jackson-databind/2.13.3, Apache-2.0, approved, #2134
maven/mavencentral/com.fasterxml.jackson.core/jackson-databind/2.13.4.2, Apache-2.0, approved, #2134
maven/mavencentral/com.fasterxml.jackson.core/jackson-databind/2.15.1, Apache-2.0, approved, #7934
maven/mavencentral/com.fasterxml.jackson.core/jackson-databind/2.9.2, Apache-2.0, approved, CQ14692
maven/mavencentral/com.fasterxml.jackson.dataformat/jackson-dataformat-yaml/2.15.1, Apache-2.0, approved, #8802
maven/mavencentral/com.fasterxml.jackson.datatype/jackson-datatype-jsr310/2.13.4, Apache-2.0, approved, clearlydefined
maven/mavencentral/com.fasterxml.jackson.datatype/jackson-datatype-jsr310/2.15.1, Apache-2.0, approved, #7930
maven/mavencentral/com.fasterxml.jackson.datatype/jackson-datatype-jsr310/2.9.2, Apache-2.0, approved, clearlydefined
maven/mavencentral/com.fasterxml.jackson.jaxrs/jackson-jaxrs-base/2.15.1, Apache-2.0, approved, #11061
maven/mavencentral/com.fasterxml.jackson.jaxrs/jackson-jaxrs-json-provider/2.15.1, Apache-2.0, approved, #9101
maven/mavencentral/com.fasterxml.jackson.module/jackson-module-jaxb-annotations/2.15.1, Apache-2.0, approved, #9100
maven/mavencentral/com.fasterxml.jackson/jackson-bom/2.13.4.20221013, Apache-2.0, approved, #2404
maven/mavencentral/com.fasterxml.jackson/jackson-bom/2.15.1, Apache-2.0, approved, #7929
maven/mavencentral/com.github.docker-java/docker-java-api/3.3.4, Apache-2.0, approved, #10346
maven/mavencentral/com.github.docker-java/docker-java-transport-zerodep/3.3.4, Apache-2.0 AND (Apache-2.0 AND BSD-3-Clause), approved, #15251
maven/mavencentral/com.github.docker-java/docker-java-transport/3.3.4, Apache-2.0, approved, #7942
maven/mavencentral/com.github.jknack/handlebars-helpers/4.3.1, Apache-2.0, approved, clearlydefined
maven/mavencentral/com.github.jknack/handlebars/4.3.1, MIT AND Apache-2.0, approved, #3064
maven/mavencentral/com.github.stephenc.jcip/jcip-annotations/1.0-1, Apache-2.0, approved, CQ21949
maven/mavencentral/com.github.tomakehurst/wiremock-jre8/2.35.2, MIT AND Apache-2.0, approved, #23969
maven/mavencentral/com.github.virtuald/curvesapi/1.06, BSD-3-Clause, approved, clearlydefined
maven/mavencentral/com.google.code.findbugs/jsr305/1.3.9, Apache-2.0, approved, #2146
maven/mavencentral/com.google.code.findbugs/jsr305/3.0.2, Apache-2.0 and CC-BY-2.5, approved, #15220
maven/mavencentral/com.google.code.gson/gson/2.8.9, Apache-2.0, approved, CQ23496
maven/mavencentral/com.google.errorprone/error_prone_annotations/2.1.3, Apache-2.0, approved, #805
maven/mavencentral/com.google.errorprone/error_prone_annotations/2.18.0, Apache-2.0, approved, clearlydefined
maven/mavencentral/com.google.guava/failureaccess/1.0.1, Apache-2.0, approved, CQ22654
maven/mavencentral/com.google.guava/guava/25.0-jre, Apache-2.0, approved, clearlydefined
maven/mavencentral/com.google.guava/guava/32.0.1-jre, Apache-2.0 AND CC0-1.0 AND CC-PDDC, approved, #8772
maven/mavencentral/com.google.guava/listenablefuture/9999.0-empty-to-avoid-conflict-with-guava, Apache-2.0, approved, CQ22657
maven/mavencentral/com.google.j2objc/j2objc-annotations/1.1, Apache-2.0, approved, CQ18765
maven/mavencentral/com.google.j2objc/j2objc-annotations/2.8, Apache-2.0, approved, #23147
maven/mavencentral/com.google.protobuf/protobuf-java-util/3.25.8, BSD-3-Clause, approved, clearlydefined
maven/mavencentral/com.google.protobuf/protobuf-java/3.25.8, BSD-3-Clause, approved, #19751
maven/mavencentral/com.google.protobuf/protoc/3.25.8, BSD-3-Clause AND Apache-2.0 AND MIT AND FSFAP AND Python-2.0 AND GPL-2.0-or-later WITH Autoconf-exception-3.0, approved, #23970
maven/mavencentral/com.jayway.jsonpath/json-path/2.7.0, Apache-2.0, approved, clearlydefined
maven/mavencentral/com.nimbusds/content-type/2.1, Apache-2.0, approved, clearlydefined
maven/mavencentral/com.nimbusds/lang-tag/1.5, Apache-2.0, approved, clearlydefined
maven/mavencentral/com.nimbusds/nimbus-jose-jwt/9.8.1, Apache-2.0, approved, clearlydefined
maven/mavencentral/com.nimbusds/oauth2-oidc-sdk/9.4, Apache-2.0, approved, clearlydefined
maven/mavencentral/com.sun.activation/jakarta.activation/1.2.2, EPL-2.0 OR BSD-3-Clause OR GPL-2.0-only with Classpath-exception-2.0, approved, ee4j.jaf
maven/mavencentral/com.sun.activation/javax.activation/1.2.0, (CDDL-1.1 OR GPL-2.0 WITH Classpath-exception-2.0) AND Apache-2.0, approved, CQ18740
maven/mavencentral/com.sun.istack/istack-commons-runtime/3.0.7, BSD-3-Clause, approved, ee4j.jaxb-impl
maven/mavencentral/com.sun.mail/javax.mail/1.6.2, CDDL-1.0 AND Apache-2.0, approved, CQ18739
maven/mavencentral/com.sun.xml.fastinfoset/FastInfoset/1.2.15, Apache-2.0, approved, CQ10313
maven/mavencentral/com.sun.xml.messaging.saaj/saaj-impl/1.5.0, BSD-3-Clause, approved, #1672
maven/mavencentral/com.sun.xml.stream.buffer/streambuffer/1.5.6, Apache-2.0, approved, #1148
maven/mavencentral/com.sun.xml.ws/policy/2.7.5, BSD-3-Clause, approved, ee4j.metro
maven/mavencentral/com.sun.xml.ws/rt/2.3.1, (CDDL-1.1 OR GPL-2.0-only WITH Classpath-exception-2.0) AND BSD-3-Clause AND SAX-PD, approved, #2941
maven/mavencentral/com.zaxxer/SparseBitSet/1.2, Apache-2.0, approved, clearlydefined
maven/mavencentral/commons-codec/commons-codec/1.15, Apache-2.0 AND BSD-3-Clause AND LicenseRef-Public-Domain, approved, CQ22641
maven/mavencentral/commons-codec/commons-codec/1.2, Apache-1.1, approved, CQ2356
maven/mavencentral/commons-fileupload/commons-fileupload/1.4, Apache-2.0, approved, clearlydefined
maven/mavencentral/commons-httpclient/commons-httpclient/3.1, Apache-2.0, approved, CQ1765
maven/mavencentral/commons-io/commons-io/2.11.0, Apache-2.0, approved, CQ23745
maven/mavencentral/commons-logging/commons-logging/1.2, Apache-2.0, approved, CQ10162
maven/mavencentral/io.github.classgraph/classgraph/4.8.154, MIT, approved, CQ22530
maven/mavencentral/io.swagger.core.v3/swagger-annotations/2.2.15, Apache-2.0, approved, #11362
maven/mavencentral/io.swagger.core.v3/swagger-core/2.2.15, Apache-2.0, approved, #9265
maven/mavencentral/io.swagger.core.v3/swagger-integration/2.2.15, Apache-2.0, approved, #10352
maven/mavencentral/io.swagger.core.v3/swagger-jaxrs2/2.2.15, Apache-2.0, approved, #9814
maven/mavencentral/io.swagger.core.v3/swagger-models/2.2.15, Apache-2.0, approved, #10353
maven/mavencentral/io.vavr/vavr-match/0.9.1, Apache-2.0, approved, CQ15151
maven/mavencentral/io.vavr/vavr/0.9.1, Apache-2.0, approved, clearlydefined
maven/mavencentral/jakarta.activation/jakarta.activation-api/1.2.2, EPL-2.0 OR BSD-3-Clause OR GPL-2.0-only with Classpath-exception-2.0, approved, ee4j.jaf
maven/mavencentral/jakarta.annotation/jakarta.annotation-api/1.3.4, EPL-2.0 OR GPL-2.0-only with Classpath-exception-2.0, approved, ee4j.ca
maven/mavencentral/jakarta.platform/jakarta.jakartaee-api/8.0.0, EPL-2.0 OR GPL-2.0-only with Classpath-exception-2.0, approved, ee4j.jakartaee-platform
maven/mavencentral/jakarta.validation/jakarta.validation-api/2.0.2, Apache-2.0, approved, ee4j.validation
maven/mavencentral/jakarta.ws.rs/jakarta.ws.rs-api/2.1.5, EPL-2.0 OR GPL-2.0-only with Classpath-exception-2.0, approved, ee4j.rest
maven/mavencentral/jakarta.xml.bind/jakarta.xml.bind-api/2.3.3, BSD-3-Clause, approved, ee4j.jaxb
maven/mavencentral/javax.activation/activation/1.1, CDDL-1.0, approved, CQ134
maven/mavencentral/javax.activation/javax.activation-api/1.2.0, (CDDL-1.1 OR GPL-2.0 WITH Classpath-exception-2.0) AND Apache-2.0, approved, CQ18740
maven/mavencentral/javax.annotation/javax.annotation-api/1.3.2, CDDL-1.1 OR GPL-2.0-only WITH Classpath-exception-2.0, approved, CQ16910
maven/mavencentral/javax.jws/javax.jws-api/1.1, CDDL-1.1 OR GPL-2.0 WITH Classpath-exception-2.0, approved, CQ18741
maven/mavencentral/javax.servlet/javax.servlet-api/3.1.0, (CDDL-1.1 OR GPL-2.0-only WITH Classpath-exception-2.0) AND Apache-2.0, approved, CQ7248
maven/mavencentral/javax.validation/validation-api/2.0.1.Final, Apache-2.0, approved, CQ15302
maven/mavencentral/javax.ws.rs/javax.ws.rs-api/2.1, (CDDL-1.1 OR GPL-2.0 WITH Classpath-exception-2.0) AND Apache-2.0, approved, CQ18121
maven/mavencentral/javax.xml.bind/jaxb-api/2.4.0-b180830.0359, CDDL-1.1 or GPL-2.0-only with Classpath-exception-2.0, approved, #2150
maven/mavencentral/javax.xml.soap/javax.xml.soap-api/1.4.0, GPL-2.0-only with Classpath-exception-2.0 OR CDDL-1.0, approved, #1157
maven/mavencentral/javax.xml.ws/jaxws-api/2.3.1, CDDL-1.1 OR GPL-2.0 WITH Classpath-exception-2.0, approved, CQ18745
maven/mavencentral/junit/junit/4.13.2, EPL-2.0, approved, CQ23636
maven/mavencentral/net.bytebuddy/byte-buddy-agent/1.7.9, Apache-2.0, approved, clearlydefined
maven/mavencentral/net.bytebuddy/byte-buddy/1.14.11, Apache-2.0 AND BSD-3-Clause, approved, #7163
maven/mavencentral/net.java.dev.jna/jna/5.13.0, Apache-2.0 AND LGPL-2.1-or-later, approved, #15196
maven/mavencentral/net.javacrumbs.json-unit/json-unit-core/2.36.0, Apache-2.0, approved, clearlydefined
maven/mavencentral/net.minidev/accessors-smart/2.4.2, Apache-2.0, approved, #7515
maven/mavencentral/net.minidev/accessors-smart/2.4.7, Apache-2.0, approved, #7515
maven/mavencentral/net.minidev/accessors-smart/2.4.8, Apache-2.0, approved, #7515
maven/mavencentral/net.minidev/json-smart/2.4.2, Apache-2.0, approved, #3288
maven/mavencentral/net.minidev/json-smart/2.4.7, Apache-2.0, approved, #3288
maven/mavencentral/net.minidev/json-smart/2.4.8, Apache-2.0, approved, #3288
maven/mavencentral/net.sf.jopt-simple/jopt-simple/5.0.4, MIT, approved, CQ13174
maven/mavencentral/net.sf.supercsv/super-csv/2.4.0, Apache-2.0, approved, clearlydefined
maven/mavencentral/org.antlr/antlr4/4.5.3, , approved, CQ15724
maven/mavencentral/org.apache.commons/commons-collections4/4.4, Apache-2.0, approved, #17660
maven/mavencentral/org.apache.commons/commons-compress/1.21, Apache-2.0 AND BSD-3-Clause AND bzip2-1.0.6 AND LicenseRef-Public-Domain, approved, CQ23710
maven/mavencentral/org.apache.commons/commons-compress/1.24.0, Apache-2.0 AND BSD-3-Clause AND bzip2-1.0.6 AND LicenseRef-Public-Domain, approved, #10368
maven/mavencentral/org.apache.commons/commons-lang3/3.12.0, Apache-2.0, approved, clearlydefined
maven/mavencentral/org.apache.commons/commons-lang3/3.3, Apache-2.0, approved, CQ9081
maven/mavencentral/org.apache.commons/commons-math3/3.6.1, Apache-2.0 AND BSD-3-Clause AND BSD-2-Clause, approved, CQ22025
maven/mavencentral/org.apache.commons/commons-text/1.10.0, Apache-2.0, approved, clearlydefined
maven/mavencentral/org.apache.httpcomponents.client5/httpclient5/5.1.3, Apache-2.0, approved, #6276
maven/mavencentral/org.apache.httpcomponents.core5/httpcore5-h2/5.1.3, Apache-2.0, approved, clearlydefined
maven/mavencentral/org.apache.httpcomponents.core5/httpcore5/5.1.3, Apache-2.0, approved, clearlydefined
maven/mavencentral/org.apache.httpcomponents/httpasyncclient/4.1.2, Apache-2.0, approved, CQ13506
maven/mavencentral/org.apache.httpcomponents/httpclient/4.5, Apache-2.0, approved, CQ11713
maven/mavencentral/org.apache.httpcomponents/httpclient/4.5.13, Apache-2.0, approved, #15248
maven/mavencentral/org.apache.httpcomponents/httpclient/4.5.2, Apache-2.0, approved, CQ11713
maven/mavencentral/org.apache.httpcomponents/httpcore-nio/4.4.5, Apache-2.0, approved, CQ13509
maven/mavencentral/org.apache.httpcomponents/httpcore/4.4.1, Apache-2.0, approved, CQ11716
maven/mavencentral/org.apache.httpcomponents/httpcore/4.4.13, Apache-2.0, approved, CQ23528
maven/mavencentral/org.apache.httpcomponents/httpcore/4.4.5, Apache-2.0, approved, CQ11716
maven/mavencentral/org.apache.logging.log4j/log4j-api/2.14.1, Apache-2.0, approved, clearlydefined
maven/mavencentral/org.apache.poi/poi-ooxml-lite/5.1.0, Apache-2.0, approved, clearlydefined
maven/mavencentral/org.apache.poi/poi-ooxml/5.1.0, Apache-2.0, approved, clearlydefined
maven/mavencentral/org.apache.poi/poi/5.1.0, Apache-2.0, approved, clearlydefined
maven/mavencentral/org.apache.santuario/xmlsec/2.1.6, , approved, CQ22139
maven/mavencentral/org.apache.xmlbeans/xmlbeans/5.0.2, Apache-2.0, approved, #8574
maven/mavencentral/org.apiguardian/apiguardian-api/1.1.2, Apache-2.0, approved, #17641
maven/mavencentral/org.assertj/assertj-core/3.25.3, Apache-2.0, approved, #12585
maven/mavencentral/org.bouncycastle/bcpkix-jdk15on/1.68, MIT, approved, clearlydefined
maven/mavencentral/org.bouncycastle/bcprov-jdk15on/1.68, MIT, approved, CQ23714
maven/mavencentral/org.checkerframework/checker-compat-qual/2.0.0, CC-BY-2.5, approved, #804
maven/mavencentral/org.checkerframework/checker-qual/3.33.0, MIT, approved, clearlydefined
maven/mavencentral/org.checkerframework/checker-qual/3.41.0, MIT, approved, #12032
maven/mavencentral/org.codehaus.mojo/animal-sniffer-annotations/1.14, Apache-2.0 AND MIT, approved, CQ19603
maven/mavencentral/org.codehaus.woodstox/stax2-api/3.1.4, BSD-2-Clause, approved, CQ13504
maven/mavencentral/org.codehaus.woodstox/stax2-api/4.1, Apache-2.0, approved, CQ16906
maven/mavencentral/org.codehaus.woodstox/woodstox-core-asl/4.4.1, Apache-2.0, approved, clearlydefined
maven/mavencentral/org.eclipse.jetty.http2/http2-common/9.4.49.v20220914, EPL-2.0 OR Apache-2.0, approved, rt.jetty
maven/mavencentral/org.eclipse.jetty.http2/http2-hpack/9.4.49.v20220914, EPL-2.0 OR Apache-2.0, approved, rt.jetty
maven/mavencentral/org.eclipse.jetty.http2/http2-server/9.4.49.v20220914, EPL-2.0 OR Apache-2.0, approved, rt.jetty
maven/mavencentral/org.eclipse.jetty/jetty-alpn-client/9.4.49.v20220914, EPL-2.0 OR Apache-2.0, approved, rt.jetty
maven/mavencentral/org.eclipse.jetty/jetty-alpn-java-client/9.4.49.v20220914, EPL-2.0 OR Apache-2.0, approved, rt.jetty
maven/mavencentral/org.eclipse.jetty/jetty-alpn-java-server/9.4.49.v20220914, EPL-2.0 OR Apache-2.0, approved, rt.jetty
maven/mavencentral/org.eclipse.jetty/jetty-alpn-openjdk8-client/9.4.49.v20220914, EPL-2.0 OR Apache-2.0, approved, rt.jetty
maven/mavencentral/org.eclipse.jetty/jetty-alpn-openjdk8-server/9.4.49.v20220914, EPL-2.0 OR Apache-2.0, approved, rt.jetty
maven/mavencentral/org.eclipse.jetty/jetty-alpn-server/9.4.49.v20220914, EPL-2.0 OR Apache-2.0, approved, rt.jetty
maven/mavencentral/org.eclipse.jetty/jetty-bom/9.4.49.v20220914, EPL-2.0 OR Apache-2.0, approved, rt.jetty
maven/mavencentral/org.eclipse.jetty/jetty-client/9.4.49.v20220914, EPL-2.0 OR Apache-2.0, approved, rt.jetty
maven/mavencentral/org.eclipse.jetty/jetty-continuation/9.4.49.v20220914, EPL-2.0 OR Apache-2.0, approved, rt.jetty
maven/mavencentral/org.eclipse.jetty/jetty-http/9.4.49.v20220914, EPL-2.0 OR Apache-2.0, approved, rt.jetty
maven/mavencentral/org.eclipse.jetty/jetty-io/9.4.49.v20220914, EPL-2.0 OR Apache-2.0, approved, rt.jetty
maven/mavencentral/org.eclipse.jetty/jetty-proxy/9.4.49.v20220914, EPL-2.0 OR Apache-2.0, approved, rt.jetty
maven/mavencentral/org.eclipse.jetty/jetty-security/9.4.49.v20220914, EPL-2.0 OR Apache-2.0, approved, rt.jetty
maven/mavencentral/org.eclipse.jetty/jetty-server/9.4.49.v20220914, EPL-2.0 OR Apache-2.0, approved, rt.jetty
maven/mavencentral/org.eclipse.jetty/jetty-servlet/9.4.49.v20220914, EPL-2.0 OR Apache-2.0, approved, rt.jetty
maven/mavencentral/org.eclipse.jetty/jetty-servlets/9.4.49.v20220914, EPL-2.0 OR Apache-2.0, approved, rt.jetty
maven/mavencentral/org.eclipse.jetty/jetty-util-ajax/9.4.49.v20220914, EPL-2.0 OR Apache-2.0, approved, rt.jetty
maven/mavencentral/org.eclipse.jetty/jetty-util/9.4.49.v20220914, EPL-2.0 OR Apache-2.0, approved, rt.jetty
maven/mavencentral/org.eclipse.jetty/jetty-webapp/9.4.49.v20220914, EPL-2.0 OR Apache-2.0, approved, rt.jetty
maven/mavencentral/org.eclipse.jetty/jetty-xml/9.4.49.v20220914, EPL-2.0 OR Apache-2.0, approved, rt.jetty
maven/mavencentral/org.elasticsearch.client/elasticsearch-rest-client/6.4.1, Apache-2.0, approved, clearlydefined
maven/mavencentral/org.freemarker/freemarker/2.3.30, Apache-2.0, approved, #6764
maven/mavencentral/org.glassfish.external/management-api/3.0.0-b012, EPL-2.0 OR GPL-2.0-only with Classpath-exception-2.0, approved, ee4j.glassfish
maven/mavencentral/org.glassfish.gmbal/gmbal-api-only/3.1.0-b001, EPL-2.0 OR BSD-3-Clause OR GPL-2.0-only with Classpath-exception-2.0, approved, ee4j.orb
maven/mavencentral/org.glassfish.hk2.external/jakarta.inject/2.5.0, EPL-2.0 OR GPL-2.0-only WITH Classpath-exception-2.0, approved, #21205
maven/mavencentral/org.glassfish.hk2/osgi-resource-locator/1.0.1, EPL-2.0 OR GPL-2.0-only with Classpath-exception-2.0, approved, ee4j.glassfish
maven/mavencentral/org.glassfish.jaxb/jaxb-runtime/2.3.1, BSD-3-Clause, approved, ee4j.jaxb-impl
maven/mavencentral/org.glassfish.jersey.connectors/jersey-apache-connector/2.28, EPL-2.0 OR GPL-2.0-only with Classpath-exception-2.0, approved, ee4j.jersey
maven/mavencentral/org.glassfish.jersey.containers/jersey-container-servlet-core/2.28, EPL-2.0 OR GPL-2.0-only with Classpath-exception-2.0, approved, ee4j.jersey
maven/mavencentral/org.glassfish.jersey.containers/jersey-container-servlet/2.28, EPL-2.0 OR GPL-2.0-only with Classpath-exception-2.0, approved, ee4j.jersey
maven/mavencentral/org.glassfish.jersey.core/jersey-client/2.28, EPL-2.0 OR GPL-2.0-only with Classpath-exception-2.0, approved, ee4j.jersey
maven/mavencentral/org.glassfish.jersey.core/jersey-common/2.28, EPL-2.0 OR GPL-2.0-only with Classpath-exception-2.0, approved, ee4j.jersey
maven/mavencentral/org.glassfish.jersey.core/jersey-server/2.28, EPL-2.0 OR GPL-2.0-only with Classpath-exception-2.0, approved, ee4j.jersey
maven/mavencentral/org.glassfish.jersey.ext/jersey-entity-filtering/2.28, EPL-2.0 OR GPL-2.0-only with Classpath-exception-2.0, approved, ee4j.jersey
maven/mavencentral/org.glassfish.jersey.media/jersey-media-jaxb/2.28, EPL-2.0 OR GPL-2.0-only with Classpath-exception-2.0, approved, ee4j.jersey
maven/mavencentral/org.glassfish.jersey.media/jersey-media-json-jackson/2.28, EPL-2.0 OR GPL-2.0-only with Classpath-exception-2.0, approved, ee4j.jersey
maven/mavencentral/org.glassfish.jersey.media/jersey-media-multipart/2.28, EPL-2.0 OR GPL-2.0-only with Classpath-exception-2.0, approved, ee4j.jersey
maven/mavencentral/org.glassfish.jersey.media/jersey-media-sse/2.28, EPL-2.0 OR GPL-2.0-only with Classpath-exception-2.0, approved, ee4j.jersey
maven/mavencentral/org.glassfish.main.extras/glassfish-embedded-all/5.1.0, EPL-2.0 OR GPL-2.0-only with Classpath-exception-2.0, approved, ee4j.glassfish
maven/mavencentral/org.glassfish.main.jms/jmsra/5.1.0, EPL-2.0 OR GPL-2.0-only with Classpath-exception-2.0, approved, ee4j.glassfish
maven/mavencentral/org.glassfish.mq/mq-distribution/5.1.4, EPL-2.0 OR GPL-2.0-only with Classpath-exception-2.0, approved, ee4j.openmq
maven/mavencentral/org.hamcrest/hamcrest-core/1.3, BSD-2-Clause, approved, CQ11429
maven/mavencentral/org.hamcrest/hamcrest-core/2.2, BSD-3-Clause, approved, #23163
maven/mavencentral/org.hamcrest/hamcrest/2.2, BSD-3-Clause, approved, #17677
maven/mavencentral/org.jacoco/org.jacoco.agent/0.7.6.201602180812, EPL-1.0, approved, CQ12641
maven/mavencentral/org.jacoco/org.jacoco.ant/0.7.6.201602180812, BSD-3-Clause AND EPL-1.0 AND EPL-1.0, approved, #2942
maven/mavencentral/org.jacoco/org.jacoco.core/0.7.6.201602180812, EPL-1.0, approved, CQ11820
maven/mavencentral/org.jacoco/org.jacoco.report/0.7.6.201602180812, EPL-1.0 OR Apache-2.0, approved, CQ11821
maven/mavencentral/org.javassist/javassist/3.29.2-GA, Apache-2.0 AND LGPL-2.1-or-later AND MPL-1.1, approved, #6023
maven/mavencentral/org.jboss.logging/jboss-logging/3.4.1.Final, Apache-2.0, approved, CQ21255
maven/mavencentral/org.jetbrains/annotations/17.0.0, Apache-2.0, approved, #19678
maven/mavencentral/org.junit.jupiter/junit-jupiter-api/5.10.1, EPL-2.0, approved, #9714
maven/mavencentral/org.junit.jupiter/junit-jupiter-engine/5.10.1, EPL-2.0, approved, #9711
maven/mavencentral/org.junit.jupiter/junit-jupiter-params/5.10.1, EPL-2.0, approved, #15304
maven/mavencentral/org.junit.jupiter/junit-jupiter/5.10.1, EPL-2.0, approved, #15197
maven/mavencentral/org.junit.platform/junit-platform-commons/1.10.1, EPL-2.0, approved, #9715
maven/mavencentral/org.junit.platform/junit-platform-engine/1.10.1, EPL-2.0, approved, #9709
maven/mavencentral/org.junit.platform/junit-platform-launcher/1.10.1, EPL-2.0, approved, #9704
maven/mavencentral/org.junit.vintage/junit-vintage-engine/5.10.1, EPL-2.0, approved, #9717
maven/mavencentral/org.junit/junit-bom/5.10.1, EPL-2.0, approved, #9844
maven/mavencentral/org.jvnet.mimepull/mimepull/1.9.11, CDDL-1.1 OR GPL-2.0-only WITH Classpath-exception-2.0, approved, CQ21484
maven/mavencentral/org.jvnet.staxex/stax-ex/1.8, BSD-3-Clause, approved, ee4j.jaxb-impl
maven/mavencentral/org.keycloak/keycloak-adapter-spi/15.0.2, Apache-2.0, approved, clearlydefined
maven/mavencentral/org.keycloak/keycloak-common/15.0.2, Apache-2.0, approved, clearlydefined
maven/mavencentral/org.keycloak/keycloak-saml-adapter-api-public/15.0.2, Apache-2.0, approved, clearlydefined
maven/mavencentral/org.keycloak/keycloak-saml-adapter-core/15.0.2, Apache-2.0, approved, clearlydefined
maven/mavencentral/org.keycloak/keycloak-saml-core-public/15.0.2, Apache-2.0, approved, clearlydefined
maven/mavencentral/org.keycloak/keycloak-saml-core/15.0.2, Apache-2.0, approved, clearlydefined
maven/mavencentral/org.keycloak/keycloak-saml-servlet-filter-adapter/15.0.2, Apache-2.0, approved, clearlydefined
maven/mavencentral/org.keycloak/keycloak-servlet-adapter-spi/15.0.2, Apache-2.0, approved, clearlydefined
maven/mavencentral/org.mockito/mockito-core/2.13.0, , approved, CQ15418
maven/mavencentral/org.objenesis/objenesis/2.6, Apache-2.0, approved, CQ15478
maven/mavencentral/org.opentest4j/opentest4j/1.3.0, Apache-2.0, approved, #9713
maven/mavencentral/org.ow2.asm/asm-debug-all/5.0.4, BSD-2-Clause, approved, CQ9714
maven/mavencentral/org.ow2.asm/asm/8.0.1, BSD-3-Clause, approved, CQ21853
maven/mavencentral/org.ow2.asm/asm/9.4, BSD-3-Clause, approved, clearlydefined
maven/mavencentral/org.pac4j/pac4j-core/4.5.6, Apache-2.0, approved, clearlydefined
maven/mavencentral/org.pac4j/pac4j-http/4.5.6, Apache-2.0, approved, clearlydefined
maven/mavencentral/org.pac4j/pac4j-jwt/4.5.6, Apache-2.0, approved, clearlydefined
maven/mavencentral/org.pac4j/pac4j-oidc/4.5.6, Apache-2.0, approved, clearlydefined
maven/mavencentral/org.postgresql/postgresql/42.7.1, BSD-2-Clause AND Apache-2.0, approved, #11681
maven/mavencentral/org.rnorth.duct-tape/duct-tape/1.0.8, MIT, approved, clearlydefined
maven/mavencentral/org.slf4j/jcl-over-slf4j/1.7.25, Apache-2.0, approved, CQ12843
maven/mavencentral/org.slf4j/log4j-over-slf4j/1.7.25, Apache-2.0, approved, CQ12841
maven/mavencentral/org.slf4j/slf4j-api/1.7.25, MIT, approved, CQ13368
maven/mavencentral/org.slf4j/slf4j-api/1.7.36, MIT, approved, CQ13368
maven/mavencentral/org.slf4j/slf4j-simple/1.7.25, MIT, approved, CQ7952
maven/mavencentral/org.testcontainers/elasticsearch/1.19.3, MIT, approved, clearlydefined
maven/mavencentral/org.testcontainers/junit-jupiter/1.19.3, MIT, approved, #10344
maven/mavencentral/org.testcontainers/testcontainers/1.19.3, Apache-2.0 AND MIT, approved, #10347
maven/mavencentral/org.webjars/swagger-ui/3.23.0, , approved, CQ20356
maven/mavencentral/org.xmlunit/xmlunit-core/2.9.0, Apache-2.0, approved, #6272
maven/mavencentral/org.xmlunit/xmlunit-legacy/2.9.0, Apache-2.0 AND BSD-3-Clause, approved, #3070
maven/mavencentral/org.xmlunit/xmlunit-placeholders/2.9.0, Apache-2.0, approved, clearlydefined
maven/mavencentral/org.yaml/snakeyaml/2.0, Apache-2.0 AND (Apache-2.0 OR BSD-3-Clause OR EPL-1.0 OR GPL-2.0-or-later OR LGPL-2.1-or-later), approved, #7275
maven/mavencentral/org.pac4j/pac4j-oidc/6.1.2, Apache-2.0
maven/mavencentral/org.pac4j/pac4j-http/6.1.2, Apache-2.0
maven/mavencentral/org.pac4j/pac4j-jwt/6.1.2, Apache-2.0
maven/mavencentral/org.pac4j/pac4j-jakartaee/6.1.2, Apache-2.0
maven/mavencentral/org.pac4j/pac4j-core/6.1.2, Apache-2.0
maven/mavencentral/org.pac4j/jakartaee-pac4j/8.0.1, Apache-2.0
